x_mm,r_mm,x_m,r_m
0.0,60.0,0.0,0.06
0.05202509726387472,59.99990462077119,5.202509726387472e-05,0.05999990462077119
0.10404949508327488,59.99961848436709,0.00010404949508327488,0.05999961848436709
0.15607249402312118,59.99914159463461,0.00015607249402312118,0.05999914159463461
0.20809339466716648,59.99847395798523,0.00020809339466716648,0.059998473957985236
0.26011149762733554,59.99761558339492,0.00026011149762733554,0.05999761558339492
0.3121261035532036,59.99656648240396,0.0003121261035532036,0.059996566482403965
0.364136513141336,59.99532666911687,0.000364136513141336,0.05999532666911687
0.41614202714473914,59.993896160202134,0.00041614202714473914,0.059993896160202134
0.4681419463822001,59.99227497489205,0.0004681419463822001,0.05999227497489205
0.5201355717477651,59.99046313498242,0.0005201355717477651,0.05999046313498242
0.5721222042200658,59.98846066483229,0.0005721222042200658,0.05998846066483229
0.6241011448717693,59.98626759136359,0.0006241011448717693,0.05998626759136359
0.6760716948789602,59.98388394406083,0.0006760716948789602,0.05998388394406083
0.7280331555304803,59.98130975497061,0.0007280331555304803,0.05998130975497061
0.7799848282374483,59.978545058701286,0.0007799848282374483,0.05997854505870129
0.8319260145425028,59.97558989242245,0.0008319260145425028,0.05997558989242245
0.8838560161293224,59.97244429586443,0.0008838560161293224,0.05997244429586443
0.9357741348319237,59.96910831131779,0.0009357741348319237,0.05996910831131779
0.9876796726440845,59.965581983632724,0.0009876796726440845,0.05996558198363272
1.0395719317287389,59.96186536021847,0.0010395719317287389,0.05996186536021847
1.0914502144273448,59.957958491042675,0.0010914502144273447,0.05995795849104268
1.1433138232692375,59.953861428630724,0.0011433138232692375,0.059953861428630725
1.1951620609810671,59.94957422806503,0.001195162060981067,0.05994957422806503
1.2469942304961097,59.945096946984286,0.0012469942304961096,0.059945096946984286
1.2988096349637046,59.9404296455827,0.0012988096349637046,0.059940429645582695
1.3506075777585391,59.93557238660917,0.0013506075777585391,0.05993557238660917
1.4023873624900847,59.93052523536649,0.0014023873624900846,0.05993052523536649
1.4541482930119642,59.925288259710385,0.0014541482930119642,0.059925288259710385
1.505889673431224,59.91986153004869,0.0015058896734312238,0.05991986153004869
1.5576108081178097,59.91424511934035,0.0015576108081178097,0.05991424511934035
1.6093110017138257,59.908439103094445,0.0016093110017138257,0.059908439103094444
1.6609895591429003,59.902443559369175,0.0016609895591429003,0.059902443559369176
1.7126457856195958,59.89625856877085,0.001712645785619596,0.059896258568770844
1.7642789866586517,59.88988421445272,0.0017642789866586517,0.059889884214452724
1.8158884680843923,59.883320582113974,0.0018158884680843923,0.05988332058211397
1.867473536040054,59.87656775999847,0.001867473536040054,0.05987656775999847
1.9190334969970413,59.86962583889363,0.0019190334969970413,0.05986962583889363
1.9705676577643634,59.86249491212918,0.0019705676577643633,0.05986249491212918
2.0220753254978767,59.855175075575914,0.002022075325497877,0.05985517507557592
2.073555807709626,59.847666427644405,0.002073555807709626,0.05984766642764441
2.125008412277113,59.83996906928366,0.002125008412277113,0.05983996906928366
2.176432447452692,59.83208310397979,0.002176432447452692,0.05983208310397979
2.2278272218727717,59.824008637754595,0.002227827221872772,0.0598240086377546
2.2791920445671687,59.815745779164175,0.0022791920445671687,0.059815745779164174
2.3305262249683905,59.80729463929742,0.0023305262249683906,0.05980729463929742
2.3818290729208935,59.79865533177455,0.0023818290729208935,0.059798655331774545
2.433099898690394,59.78982797274557,0.002433099898690394,0.05978982797274557
2.484338012973111,59.78081268088875,0.0024843380129731113,0.05978081268088875
2.5355427269050654,59.771609577408974,0.0025355427269050657,0.05977160957740897
2.586713352071307,59.76221878603612,0.002586713352071307,0.059762218786036124
2.6378492005152134,59.75264043302346,0.002637849200515213,0.05975264043302346
2.688949584747677,59.74287464714586,0.002688949584747677,0.05974287464714586
2.7400138177564175,59.73292155969813,0.0027400138177564176,0.05973292155969813
2.791041213015155,59.722781304493225,0.002791041213015155,0.059722781304493225
2.8420310844929073,59.71245401786045,0.0028420310844929075,0.059712454017860454
2.8929827466631366,59.70193983864364,0.0028929827466631364,0.059701939838643636
2.943895514513031,59.69123890819927,0.0029438955145130313,0.059691238908199266
2.9947687035526833,59.68035137039457,0.002994768703552683,0.05968035137039457
3.0456016298242847,59.66927737160558,0.003045601629824285,0.05966927737160558
3.0963936099113463,59.65801706071521,0.0030963936099113465,0.05965801706071521
3.147143960947882,59.6465705891112,0.003147143960947882,0.0596465705891112
3.1978520006275546,59.63493811068412,0.0031978520006275546,0.05963493811068412
3.2485170472129203,59.62311978182526,0.0032485170472129204,0.05962311978182526
3.2991384195445033,59.61111576142458,0.0032991384195445034,0.059611115761424575
3.3497154370500244,59.598926210868505,0.0033497154370500243,0.05959892621086851
3.400247419753519,59.58655129403785,0.0034002474197535187,0.059586551294037844
3.4507336882845103,59.57399117730551,0.00345073368828451,0.05957399117730551
3.5011735638870722,59.5612460295343,0.0035011735638870722,0.059561246029534304
3.5515663684290573,59.54831602207467,0.003551566368429057,0.05954831602207467
3.601911424411117,59.535201328762376,0.0036019114244111167,0.059535201328762374
3.6522080549758753,59.52190212591615,0.003652208054975875,0.05952190212591615
3.7024555839169917,59.50841859233536,0.0037024555839169915,0.05950841859233536
3.7526533356882776,59.494750909297565,0.0037526533356882774,0.05949475090929757
3.802800635412745,59.48089926055612,0.0038028006354127453,0.05948089926055612
3.8528968088917397,59.46686383233765,0.00385289680889174,0.05946686383233765
3.902941182613931,59.45264481333961,0.003902941182613931,0.05945264481333961
3.952933083764404,59.438242394727695,0.003952933083764404,0.0594382423947277
4.002871840233749,59.423656770133306,0.004002871840233749,0.0594236567701333
4.052756780626998,59.408888135650905,0.004052756780626998,0.05940888813565091
4.102587234272731,59.393936689835456,0.004102587234272731,0.059393936689835454
4.152362531232079,59.37880263369966,0.004152362531232079,0.05937880263369966
4.202082002307705,59.36348617071131,0.0042020820023077055,0.05936348617071131
4.251744979052799,59.34798750679057,0.004251744979052799,0.059347987506790566
4.30135079378012,59.33230685030713,0.00430135079378012,0.059332306850307125
4.350898779570899,59.316444412077495,0.0043508987795709,0.05931644441207749
4.4003882702838695,59.300400405362105,0.00440038827028387,0.0593004004053621
4.449818600564176,59.284175045862455,0.004449818600564176,0.059284175045862454
4.499189105852341,59.26776855171824,0.0044991891058523414,0.05926776855171824
4.54849912239319,59.25118114350436,0.00454849912239319,0.05925118114350436
4.597747987244799,59.23441304422802,0.004597747987244799,0.059234413044228024
4.646935038287364,59.2174644793257,0.004646935038287364,0.0592174644793257
4.696059614232154,59.20033567666012,0.004696059614232154,0.05920033567666012
4.745121054630374,59.18302686651715,0.004745121054630375,0.059183026866517156
4.794118699882027,59.165538281602814,0.004794118699882027,0.059165538281602814
4.843051891244815,59.147870157040046,0.004843051891244815,0.059147870157040046
4.89191997084297,59.130022730365575,0.00489191997084297,0.05913002273036558
4.940722281676136,59.11199624152676,0.004940722281676135,0.059111996241526764
4.9894581676281495,59.09379093287832,0.00498945816762815,0.05909379093287832
5.038126973475901,59.0754070491791,0.005038126973475901,0.0590754070491791
5.086728044898125,59.05684483758877,0.005086728044898126,0.059056844837588766
5.135260728484206,59.03810454766449,0.005135260728484206,0.05903810454766449
5.183724371742956,59.01918643135761,0.0051837243717429565,0.05901918643135761
5.232118323111407,59.000090743010205,0.0052321183231114066,0.05900009074301021
5.280441931963517,58.98081773935171,0.005280441931963517,0.05898081773935171
5.328694548619007,58.96136767949545,0.005328694548619006,0.058961367679495454
5.3768755243519815,58.94174082493517,0.005376875524351982,0.05894174082493517
5.424984211399766,58.921937439541466,0.0054249842113997665,0.058921937439541466
5.473019962971532,58.90195778955834,0.0054730199629715315,0.05890195778955834
5.520982133257024,58.881802143599515,0.005520982133257024,0.05888180214359952
5.568870077435256,58.861470772644886,0.005568870077435256,0.058861470772644885
5.616683151683163,58.84096395003685,0.005616683151683163,0.05884096395003685
5.664420713184237,58.82028195147666,0.005664420713184237,0.058820281951476656
5.712082120137199,58.79942505502066,0.005712082120137199,0.058799425055020664
5.7596667317646455,58.77839354107663,0.0057596667317646455,0.05877839354107663
5.807173908321611,58.75718769239996,0.005807173908321611,0.05875718769239996
5.854603011104201,58.73580779408982,0.005854603011104201,0.05873580779408982
5.901953402458165,58.71425413358543,0.0059019534024581655,0.05871425413358543
5.949224445787507,58.69252700066208,0.005949224445787507,0.05869252700066208
5.996415505562972,58.67062668742732,0.005996415505562971,0.05867062668742732
6.456830325009793,58.45593173119121,0.006456830325009794,0.05845593173119121
6.917245144456602,58.24123677495511,0.006917245144456602,0.058241236774955116
7.377659963903424,58.02654181871901,0.007377659963903424,0.05802654181871901
7.838074783350232,57.8118468624829,0.007838074783350232,0.057811846862482905
8.298489602797055,57.597151906246815,0.008298489602797054,0.05759715190624681
8.758904422243862,57.382456950010706,0.008758904422243863,0.05738245695001071
9.219319241690686,57.167761993774604,0.009219319241690685,0.0571677619937746
9.679734061137493,56.95306703753851,0.009679734061137493,0.05695306703753851
10.140148880584315,56.7383720813024,0.010140148880584315,0.056738372081302405
10.600563700031124,56.5236771250663,0.010600563700031124,0.0565236771250663
11.060978519477946,56.308982168830205,0.011060978519477946,0.05630898216883021
11.521393338924755,56.094287212594104,0.011521393338924754,0.0560942872125941
11.981808158371576,55.879592256357995,0.011981808158371576,0.055879592256357996
12.442222977818385,55.66489730012191,0.012442222977818385,0.055664897300121904
12.902637797265207,55.4502023438858,0.012902637797265207,0.0554502023438858
13.363052616712014,55.2355073876497,0.013363052616712015,0.0552355073876497
13.823467436158838,55.020812431413596,0.013823467436158837,0.055020812431413595
14.283882255605645,54.806117475177494,0.014283882255605646,0.054806117475177496
14.744297075052467,54.59142251894139,0.014744297075052468,0.05459142251894139
15.204711894499276,54.3767275627053,0.015204711894499276,0.0543767275627053
15.665126713946098,54.1620326064692,0.015665126713946098,0.05416203260646919
16.125541533392905,53.947337650233095,0.016125541533392906,0.053947337650233095
16.58595635283973,53.732642693996986,0.01658595635283973,0.05373264269399699
17.046371172286538,53.51794773776089,0.017046371172286537,0.05351794773776089
17.50678599173336,53.30325278152478,0.01750678599173336,0.053303252781524785
17.967200811180167,53.088557825288696,0.017967200811180167,0.05308855782528869
18.42761563062699,52.87386286905259,0.01842761563062699,0.05287386286905259
18.8880304500738,52.659167912816486,0.018888030450073798,0.05265916791281649
19.34844526952062,52.444472956580384,0.01934844526952062,0.05244447295658038
19.80886008896743,52.22977800034428,0.019808860088967428,0.052229778000344285
20.26927490841425,52.01508304410818,0.02026927490841425,0.05201508304410818
20.729689727861057,51.800388087872086,0.02072968972786106,0.05180038808787209
21.190104547307875,51.585693131635985,0.021190104547307874,0.05158569313163598
21.65051936675469,51.37099817539988,0.02165051936675469,0.05137099817539988
22.11093418620151,51.156303219163775,0.02211093418620151,0.05115630321916378
22.57134900564832,50.94160826292768,0.02257134900564832,0.05094160826292768
23.03176382509514,50.72691330669157,0.023031763825095142,0.05072691330669157
23.49217864454195,50.512218350455484,0.02349217864454195,0.05051221835045548
23.952593463988773,50.297523394219375,0.023952593463988772,0.050297523394219376
24.41300828343558,50.08282843798328,0.02441300828343558,0.05008282843798328
24.873423102882402,49.86813348174717,0.024873423102882403,0.04986813348174717
25.33383792232921,49.65343852551107,0.02533383792232921,0.04965343852551107
25.794252741776035,49.43874356927497,0.025794252741776033,0.04943874356927497
26.254667561222842,49.224048613038875,0.02625466756122284,0.049224048613038876
26.715082380669664,49.00935365680277,0.026715082380669664,0.04900935365680277
27.17549720011647,48.79465870056667,0.027175497200116472,0.04879465870056667
27.635912019563293,48.57996374433056,0.027635912019563294,0.048579963744330566
28.096326839010104,48.36526878809447,0.028096326839010102,0.04836526878809447
28.556741658456925,48.15057383185836,0.028556741658456924,0.04815057383185836
29.017156477903733,47.93587887562227,0.029017156477903733,0.04793587887562227
29.477571297350554,47.72118391938616,0.029477571297350555,0.047721183919386165
29.93798611679736,47.50648896315007,0.029937986116797363,0.047506488963150066
30.398400936244187,47.29179400691397,0.030398400936244185,0.04729179400691397
30.858815755690994,47.07709905067786,0.030858815755690994,0.04707709905067786
31.319230575137816,46.86240409444176,0.031319230575137816,0.046862404094441756
31.779645394584623,46.64770913820566,0.031779645394584624,0.046647709138205665
32.240060214031445,46.43301418196956,0.032240060214031446,0.04643301418196956
32.700475033478256,46.21831922573346,0.032700475033478255,0.04621831922573346
33.160889852925074,46.003624269497365,0.03316088985292508,0.04600362426949736
33.621304672371885,45.78892931326126,0.033621304672371885,0.045788929313261256
34.08171949181871,45.57423435702515,0.03408171949181871,0.04557423435702515
34.542134311265514,45.35953940078906,0.034542134311265515,0.04535953940078906
35.00254913071234,45.14484444455295,0.03500254913071234,0.04514484444455295
35.46296395015914,44.93014948831686,0.035462963950159146,0.044930149488316855
35.92337876960597,44.715454532080756,0.03592337876960597,0.044715454532080756
36.38379358905278,44.500759575844654,0.036383793589052776,0.04450075957584465
36.8442084084996,44.286064619608545,0.0368442084084996,0.044286064619608545
37.304623227946415,44.071369663372444,0.037304623227946414,0.044071369663372446
37.765038047393226,43.85667470713635,0.03776503804739323,0.04385667470713635
38.225452866840044,43.64197975090024,0.038225452866840044,0.04364197975090024
38.68586768628686,43.42728479466415,0.03868586768628686,0.04342728479466415
39.14628250573367,43.212589838428045,0.039146282505733675,0.043212589838428045
39.60669732518049,42.997894882191936,0.03960669732518049,0.04299789488219194
40.0671121446273,42.78319992595584,0.040067112144627305,0.04278319992595584
40.52752696407412,42.56850496971974,0.04052752696407412,0.04256850496971974
40.98794178352094,42.35381001348364,0.040987941783520936,0.042353810013483636
41.44835660296775,42.139115057247544,0.04144835660296775,0.042139115057247545
41.90877142241457,41.92442010101144,0.041908771422414566,0.04192442010101144
42.36918624186138,41.709725144775334,0.04236918624186138,0.041709725144775334
42.829601061308196,41.49503018853923,0.042829601061308196,0.041495030188539235
43.290015880755014,41.28033523230314,0.04329001588075501,0.041280335232303136
43.750430700201825,41.06564027606703,0.04375043070020183,0.04106564027606703
44.21084551964864,40.85094531983094,0.04421084551964864,0.04085094531983094
44.671260339095454,40.63625036359483,0.04467126033909546,0.040636250363594834
45.13167515854227,40.42155540735874,0.04513167515854227,0.040421555407358735
45.59208997798909,40.20686045112263,0.04559208997798909,0.04020686045112263
46.0525047974359,39.99216549488653,0.0460525047974359,0.03999216549488653
46.51291961688272,39.77747053865043,0.04651291961688272,0.039777470538650425
46.97333443632953,39.56277558241433,0.046973334436329534,0.03956277558241433
47.43374925577635,39.34808062617823,0.04743374925577635,0.03934808062617823
47.894164075223166,39.13338566994213,0.047894164075223164,0.03913338566994213
48.35457889466998,38.91869071370602,0.04835457889466998,0.038918690713706024
48.814993714116795,38.703995757469926,0.048814993714116794,0.038703995757469925
49.275408533563606,38.48930080123382,0.04927540853356361,0.03848930080123382
49.735823353010424,38.27460584499772,0.049735823353010425,0.03827460584499772
50.19623817245724,38.05991088876162,0.05019623817245724,0.03805991088876162
50.65665299190405,37.84521593252552,0.050656652991904055,0.03784521593252552
51.11706781135087,37.63052097628942,0.05111706781135087,0.03763052097628942
51.57748263079768,37.415826020053316,0.051577482630797686,0.03741582602005332
52.0378974502445,37.201131063817215,0.0520378974502445,0.037201131063817214
52.49831226969132,36.98643610758111,0.052498312269691316,0.036986436107581115
52.95872708913813,36.77174115134502,0.05295872708913813,0.036771741151345017
53.41914190858495,36.55704619510892,0.05341914190858495,0.03655704619510892
53.87955672803176,36.342351238872816,0.05387955672803176,0.03634235123887281
54.33997154747858,36.127656282636714,0.05433997154747858,0.036127656282636714
54.800386366925395,35.91296132640061,0.05480038636692539,0.035912961326400615
55.260801186372206,35.69826637016451,0.05526080118637221,0.03569826637016451
55.721216005819024,35.48357141392841,0.05572121600581902,0.03548357141392841
56.18163082526584,35.268876457692315,0.05618163082526584,0.03526887645769231
56.64204564471265,35.054181501456206,0.05664204564471265,0.03505418150145621
57.10246046415947,34.839486545220105,0.05710246046415947,0.03483948654522011
57.56287528360628,34.62479158898401,0.057562875283606284,0.03462479158898401
58.0232901030531,34.4100966327479,0.0580232901030531,0.034410096632747904
58.48370492249992,34.19540167651181,0.058483704922499914,0.034195401676511805
58.94411974194673,33.980706720275705,0.05894411974194673,0.03398070672027571
59.40453456139355,33.766011764039604,0.059404534561393545,0.0337660117640396
59.86494938084036,33.5513168078035,0.05986494938084036,0.0335513168078035
60.325364200287176,33.3366218515674,0.060325364200287175,0.033336621851567404
60.785779019733994,33.121926895331306,0.06078577901973399,0.033121926895331305
61.246193839180805,32.9072319390952,0.061246193839180806,0.0329072319390952
61.70660865862762,32.6925369828591,0.06170660865862762,0.0326925369828591
62.167023478074434,32.477842026623,0.062167023478074436,0.032477842026623
62.62743829752125,32.2631470703869,0.06262743829752125,0.0322631470703869
63.08785311696808,32.0484521141508,0.06308785311696807,0.0320484521141508
63.54826793641488,31.833757157914693,0.06354826793641488,0.03183375715791469
64.00868275586168,31.619062201678595,0.06400868275586169,0.031619062201678594
64.46909757530851,31.404367245442494,0.06446909757530851,0.031404367245442495
64.92951239475533,31.189672289206392,0.06492951239475533,0.031189672289206393
65.38992721420215,30.97497733297029,0.06538992721420214,0.03097497733297029
65.85034203364896,30.760282376734192,0.06585034203364895,0.030760282376734192
66.31075685309577,30.54558742049809,0.06631075685309577,0.03054558742049809
66.7711716725426,30.33089246426199,0.0667711716725426,0.030330892464261988
67.2315864919894,30.11619750802589,0.0672315864919894,0.03011619750802589
67.69200131143621,29.901502551789786,0.06769200131143621,0.029901502551789787
68.15241613088304,29.686807595553685,0.06815241613088303,0.029686807595553685
68.61283095032985,29.472112639317583,0.06861283095032986,0.029472112639317583
69.07324576977666,29.257417683081485,0.06907324576977666,0.029257417683081485
69.53366058922349,29.042722726845383,0.06953366058922349,0.029042722726845382
69.9940754086703,28.828027770609285,0.0699940754086703,0.028828027770609284
70.45449022811712,28.613332814373177,0.07045449022811712,0.02861333281437318
70.91490504756392,28.39863785813708,0.07091490504756393,0.02839863785813708
71.37531986701075,28.183942901900977,0.07137531986701075,0.028183942901900978
71.83573468645756,27.96924794566488,0.07183573468645756,0.02796924794566488
72.29614950590438,27.754552989428777,0.07229614950590438,0.027754552989428777
72.75656432535119,27.53985803319268,0.07275656432535119,0.027539858033192678
73.216979144798,27.325163076956574,0.07321697914479801,0.027325163076956573
73.67739396424481,27.110468120720473,0.07367739396424482,0.027110468120720474
74.13780878369164,26.89577316448437,0.07413780878369164,0.026895773164484372
74.59822360313845,26.681078208248273,0.07459822360313845,0.026681078208248273
75.05863842258528,26.46638325201217,0.07505863842258527,0.02646638325201217
75.51905324203207,26.251688295776074,0.07551905324203208,0.026251688295776072
75.9794680614789,26.03699333953997,0.0759794680614789,0.026036993339539967
76.43988288092571,25.822298383303867,0.07643988288092571,0.02582229838330387
76.90029770037253,25.607603427067765,0.07690029770037253,0.025607603427067766
77.36071251981934,25.392908470831667,0.07736071251981934,0.025392908470831668
77.82112733926616,25.178213514595566,0.07782112733926616,0.025178213514595565
78.28154215871297,24.963518558359468,0.07828154215871297,0.024963518558359467
78.74195697815979,24.748823602123363,0.07874195697815979,0.02474882360212336
79.2023717976066,24.534128645887264,0.0792023717976066,0.024534128645887266
79.24978233678867,24.512179942119467,0.07924978233678867,0.024512179942119468
79.29731337915644,24.49049342939717,0.07929731337915644,0.02449049342939717
79.34496347474729,24.46906976928029,0.07934496347474729,0.02446906976928029
79.39273116996682,24.447909615310273,0.07939273116996683,0.024447909615310272
79.4406150076332,24.427013612990162,0.07944061500763319,0.024427013612990163
79.48861352702156,24.406382399764887,0.07948861352702155,0.024406382399764885
79.53672526390862,24.38601660500183,0.07953672526390862,0.02438601660500183
79.58494875061736,24.365916849971637,0.07958494875061736,0.024365916849971636
79.63328251606173,24.34608374782924,0.07963328251606172,0.02434608374782924
79.68172508579156,24.326517903595178,0.07968172508579155,0.024326517903595177
79.73027498203756,24.307219914137118,0.07973027498203755,0.024307219914137118
79.77893072375639,24.288190368151668,0.07977893072375639,0.024288190368151667
79.82769082667579,24.2694298461464,0.07982769082667579,0.0242694298461464
79.87655380333996,24.25093892042216,0.07987655380333995,0.024250938920422162
79.92551816315479,24.2327181550556,0.0799255181631548,0.0242327181550556
79.97458241243352,24.214768105881955,0.07997458241243352,0.024214768105881954
80.02374505444213,24.197089320478117,0.08002374505444212,0.024197089320478118
80.07300458944508,24.179682338145913,0.08007300458944508,0.02417968233814591
80.12235951475108,24.162547689895646,0.08012235951475108,0.024162547689895647
80.17180832475889,24.145685898429925,0.08017180832475888,0.024145685898429924
80.22134951100324,24.129097478127683,0.08022134951100324,0.024129097478127682
80.27098156220089,24.112782935028516,0.08027098156220089,0.024112782935028516
80.32070296429671,24.096742766817226,0.08032070296429672,0.024096742766817225
80.37051220050988,24.080977462808654,0.08037051220050988,0.024080977462808656
80.42040775138011,24.06548750393274,0.08042040775138011,0.02406548750393274
80.47038809481407,24.050273362719853,0.08047038809481406,0.024050273362719855
80.52045170613174,24.035335503286397,0.08052045170613174,0.024035335503286397
80.57059705811302,24.020674381320614,0.08057059705811302,0.024020674381320613
80.62082262104421,24.006290444068725,0.08062082262104421,0.024006290444068726
80.67112686276475,23.99218413032126,0.08067112686276476,0.02399218413032126
80.72150824871396,23.978355870399675,0.08072150824871396,0.023978355870399676
80.77196524197777,23.964806086143245,0.08077196524197777,0.023964806086143244
80.82249630333574,23.95153519089615,0.08082249630333574,0.02395153519089615
80.87309989130786,23.938543589494923,0.08087309989130786,0.023938543589494925
80.92377446220172,23.92583167825607,0.08092377446220173,0.02392583167825607
80.97451847015951,23.913399844963966,0.0809745184701595,0.023913399844963965
81.02533036720516,23.901248468859055,0.08102533036720516,0.023901248468859056
81.07620860329166,23.88937792062627,0.08107620860329166,0.02388937792062627
81.1271516263483,23.877788562383717,0.08112715162634829,0.023877788562383716
81.17815788232791,23.866480747671634,0.0811781578823279,0.023866480747671635
81.22922581525447,23.855454821441615,0.08122922581525446,0.023855454821441614
81.28035386727039,23.844711120046068,0.0812803538672704,0.023844711120046068
81.3315404786842,23.834249971227976,0.0813315404786842,0.023834249971227975
81.38278408801794,23.82407169411088,0.08138278408801794,0.023824071694110882
81.43408313205494,23.814176599189157,0.08143408313205494,0.023814176599189156
81.4854360458875,23.80456498831854,0.0814854360458875,0.02380456498831854
81.53684126296451,23.79523715470691,0.08153684126296451,0.02379523715470691
81.58829721513938,23.78619338290537,0.08158829721513938,0.02378619338290537
81.6398023327178,23.77743394879953,0.08163980233271781,0.02377743394879953
81.69135504450563,23.768959119601117,0.08169135504450563,0.023768959119601116
81.74295377785685,23.76076915383982,0.08174295377785686,0.02376076915383982
81.79459695872151,23.7528643013554,0.08179459695872152,0.0237528643013554
81.8462830116938,23.745244803290063,0.0818462830116938,0.023745244803290065
81.89801036006003,23.737910892081118,0.08189801036006003,0.023737910892081118
81.94977742584678,23.730862791453866,0.08194977742584678,0.023730862791453866
82.00158262986902,23.7241007164148,0.08200158262986902,0.0237241007164148
82.05342439177834,23.71762487324502,0.08205342439177833,0.023717624873245018
82.10530113011104,23.71143545949396,0.08210530113011104,0.02371143545949396
82.15721126233647,23.705532663973358,0.08215721126233648,0.023705532663973357
82.20915320490532,23.699916666751488,0.08220915320490532,0.02369991666675149
82.26112537329784,23.69458763914767,0.08226112537329784,0.02369458763914767
82.31312618207221,23.689545743727056,0.0823131261820722,0.023689545743727055
82.36515404491296,23.684791134295647,0.08236515404491296,0.023684791134295648
82.41720737467931,23.680323955895624,0.08241720737467931,0.023680323955895623
82.46928458345357,23.67614434480091,0.08246928458345357,0.02367614434480091
82.52138408258963,23.672252428513023,0.08252138408258963,0.02367225242851302
82.57350428276142,23.668648325757164,0.08257350428276142,0.023668648325757165
82.62564359401131,23.66533214647864,0.08262564359401131,0.02366533214647864
82.67780042579875,23.66230399183945,0.08267780042579875,0.02366230399183945
82.72997318704866,23.65956395421526,0.08272997318704865,0.023659563954215257
82.78216028620002,23.657112117192526,0.08278216028620003,0.023657112117192524
82.83436013125448,23.654948555565998,0.08283436013125449,0.023654948555565998
82.88657112982483,23.6530733353364,0.08288657112982482,0.0236530733353364
82.93879168918359,23.65148651370845,0.08293879168918358,0.02365148651370845
82.99102021631168,23.65018813908907,0.08299102021631168,0.02365018813908907
83.0432551179469,23.649178251085946,0.0830432551179469,0.023649178251085947
83.09549480063265,23.64845688050632,0.08309549480063265,0.02364845688050632
83.14773767076646,23.648024049356017,0.08314773767076646,0.023648024049356016
83.19998213464858,23.647879770838816,0.08319998213464858,0.023647879770838817
83.80633802620855,23.647879770838816,0.08380633802620854,0.023647879770838817
84.41269391776851,23.647879770838816,0.08441269391776851,0.023647879770838817
85.01904980932848,23.647879770838816,0.08501904980932848,0.023647879770838817
85.62540570088846,23.647879770838816,0.08562540570088846,0.023647879770838817
86.23176159244842,23.647879770838816,0.08623176159244843,0.023647879770838817
86.8381174840084,23.647879770838816,0.0868381174840084,0.023647879770838817
87.44447337556836,23.647879770838816,0.08744447337556836,0.023647879770838817
88.05082926712834,23.647879770838816,0.08805082926712833,0.023647879770838817
88.65718515868829,23.647879770838816,0.0886571851586883,0.023647879770838817
89.26354105024828,23.647879770838816,0.08926354105024828,0.023647879770838817
89.86989694180825,23.647879770838816,0.08986989694180825,0.023647879770838817
90.47625283336822,23.647879770838816,0.09047625283336821,0.023647879770838817
91.08260872492818,23.647879770838816,0.09108260872492818,0.023647879770838817
91.68896461648815,23.647879770838816,0.09168896461648815,0.023647879770838817
92.29532050804812,23.647879770838816,0.09229532050804812,0.023647879770838817
92.90167639960808,23.647879770838816,0.09290167639960809,0.023647879770838817
93.50803229116805,23.647879770838816,0.09350803229116805,0.023647879770838817
94.11438818272804,23.647879770838816,0.09411438818272803,0.023647879770838817
94.720744074288,23.647879770838816,0.094720744074288,0.023647879770838817
95.32709996584796,23.647879770838816,0.09532709996584797,0.023647879770838817
95.93345585740794,23.647879770838816,0.09593345585740794,0.023647879770838817
96.5398117489679,23.647879770838816,0.0965398117489679,0.023647879770838817
97.14616764052788,23.647879770838816,0.09714616764052787,0.023647879770838817
97.75252353208785,23.647879770838816,0.09775252353208785,0.023647879770838817
98.35887942364782,23.647879770838816,0.09835887942364782,0.023647879770838817
98.96523531520779,23.647879770838816,0.09896523531520779,0.023647879770838817
99.57159120676776,23.647879770838816,0.09957159120676776,0.023647879770838817
100.17794709832772,23.647879770838816,0.10017794709832772,0.023647879770838817
100.78430298988769,23.647879770838816,0.10078430298988769,0.023647879770838817
101.39065888144766,23.647879770838816,0.10139065888144766,0.023647879770838817
101.99701477300762,23.647879770838816,0.10199701477300763,0.023647879770838817
102.6033706645676,23.647879770838816,0.10260337066456761,0.023647879770838817
103.20972655612758,23.647879770838816,0.10320972655612758,0.023647879770838817
103.81608244768755,23.647879770838816,0.10381608244768754,0.023647879770838817
104.4224383392475,23.647879770838816,0.10442243833924751,0.023647879770838817
105.02879423080748,23.647879770838816,0.10502879423080748,0.023647879770838817
105.63515012236746,23.647879770838816,0.10563515012236746,0.023647879770838817
106.24150601392743,23.647879770838816,0.10624150601392743,0.023647879770838817
106.84786190548739,23.647879770838816,0.1068478619054874,0.023647879770838817
